,BHK,Rent,Size,City,Bathroom
12,1,8000.0,350.0,Bangalore,1.0
14,3,50000.0,2000.0,Bangalore,3.0
15,2,13000.0,700.0,Bangalore,2.0
16,1,13500.0,600.0,Bangalore,1.0
17,2,13000.0,700.0,Bangalore,1.0
18,1,15000.0,600.0,Bangalore,1.0
21,2,25000.0,770.0,Bangalore,2.0
22,2,17000.0,900.0,Bangalore,2.0
27,3,54000.0,1750.0,Bangalore,3.0
28,1,14500.0,600.0,Bangalore,1.0
32,2,16000.0,600.0,Bangalore,2.0
36,3,28000.0,1021.0,Bangalore,3.0
39,2,50000.0,1280.0,Bangalore,2.0
41,2,30000.0,450.0,Bangalore,2.0
43,2,15000.0,800.0,Bangalore,2.0
45,3,45000.0,1680.0,Bangalore,3.0
46,3,65000.0,2000.0,Bangalore,3.0
47,1,12000.0,500.0,Bangalore,1.0
50,2,23000.0,1100.0,Bangalore,2.0
51,2,30000.0,1200.0,Bangalore,2.0
55,2,20000.0,1040.0,Bangalore,2.0
56,4,110000.0,2900.0,Bangalore,4.0
57,3,30000.0,1200.0,Bangalore,2.0
65,1,8000.0,300.0,Bangalore,1.0
67,1,12000.0,450.0,Bangalore,1.0
70,1,11000.0,400.0,Bangalore,1.0
72,2,20000.0,1105.0,Bangalore,2.0
77,1,9000.0,400.0,Bangalore,1.0
78,4,180000.0,2800.0,Bangalore,4.0
80,3,32000.0,1300.0,Bangalore,2.0
84,2,15000.0,750.0,Bangalore,2.0
87,2,19000.0,1000.0,Bangalore,2.0
88,2,27000.0,1000.0,Bangalore,2.0
89,3,48000.0,2000.0,Bangalore,3.0
93,1,7000.0,100.0,Bangalore,1.0
96,2,35000.0,1200.0,Bangalore,2.0
97,2,16000.0,850.0,Bangalore,2.0
98,2,16000.0,600.0,Bangalore,1.0
103,3,55000.0,1603.0,Bangalore,3.0
105,1,12000.0,420.0,Bangalore,1.0
107,3,37000.0,1200.0,Bangalore,3.0
108,1,17000.0,610.0,Bangalore,1.0
112,2,13500.0,700.0,Bangalore,2.0
125,2,22000.0,1000.0,Bangalore,2.0
126,1,13000.0,450.0,Bangalore,1.0
127,3,20000.0,773.0,Bangalore,2.0
129,1,8000.0,150.0,Bangalore,1.0
131,1,20000.0,600.0,Bangalore,1.0
132,2,20000.0,800.0,Bangalore,1.0
133,1,8000.0,200.0,Bangalore,1.0
147,2,22000.0,1100.0,Bangalore,2.0
149,2,32900.0,1200.0,Bangalore,1.0
150,2,15000.0,800.0,Bangalore,1.0
151,2,10000.0,535.0,Bangalore,1.0
155,2,14000.0,700.0,Bangalore,1.0
156,1,14500.0,550.0,Bangalore,1.0
157,2,13000.0,600.0,Bangalore,2.0
160,2,20000.0,1100.0,Bangalore,3.0
165,1,11500.0,550.0,Bangalore,1.0
167,2,12000.0,600.0,Bangalore,2.0
171,2,25000.0,1050.0,Bangalore,2.0
172,3,150000.0,3250.0,Bangalore,4.0
174,2,40000.0,1300.0,Bangalore,2.0
175,2,12000.0,600.0,Bangalore,1.0
177,2,23000.0,1100.0,Bangalore,2.0
178,2,25000.0,1100.0,Bangalore,2.0
181,1,10000.0,415.0,Bangalore,1.0
182,3,39000.0,1200.0,Bangalore,3.0
187,1,10000.0,450.0,Bangalore,1.0
188,1,15000.0,600.0,Bangalore,1.0
190,3,56000.0,1900.0,Bangalore,3.0
191,3,43000.0,1700.0,Bangalore,3.0
192,2,25000.0,1100.0,Bangalore,2.0
198,1,20000.0,800.0,Bangalore,1.0
202,2,20000.0,980.0,Bangalore,2.0
208,2,20000.0,1100.0,Bangalore,2.0
209,2,21000.0,1100.0,Bangalore,2.0
210,2,15000.0,700.0,Bangalore,2.0
212,1,7000.0,250.0,Bangalore,1.0
218,1,7000.0,200.0,Bangalore,1.0
220,2,23000.0,600.0,Bangalore,2.0
225,2,12500.0,500.0,Bangalore,2.0
231,3,45000.0,1600.0,Bangalore,3.0
234,2,20000.0,900.0,Bangalore,2.0
236,3,55000.0,1800.0,Bangalore,3.0
238,1,8500.0,350.0,Bangalore,1.0
240,2,12000.0,500.0,Bangalore,1.0
247,1,7000.0,300.0,Bangalore,1.0
248,2,27500.0,1130.0,Bangalore,2.0
253,1,11000.0,300.0,Bangalore,1.0
259,1,15000.0,600.0,Bangalore,1.0
260,1,3500.0,150.0,Bangalore,1.0
267,1,20000.0,550.0,Bangalore,1.0
269,2,20000.0,1050.0,Bangalore,2.0
270,2,15000.0,800.0,Bangalore,2.0
271,2,20000.0,1100.0,Bangalore,2.0
274,2,17000.0,800.0,Bangalore,1.0
280,2,20000.0,1100.0,Bangalore,2.0
282,3,120000.0,3276.0,Bangalore,3.0
288,1,18000.0,400.0,Bangalore,1.0
289,2,30000.0,1296.0,Bangalore,2.0
290,2,20000.0,1000.0,Bangalore,2.0
291,1,16500.0,600.0,Bangalore,1.0
292,1,15000.0,600.0,Bangalore,1.0
295,1,22000.0,455.0,Bangalore,1.0
297,2,23000.0,1066.0,Bangalore,2.0
299,3,60000.0,1550.0,Bangalore,3.0
302,1,11000.0,450.0,Bangalore,1.0
305,3,55000.0,2150.0,Bangalore,3.0
307,3,50000.0,1450.0,Bangalore,3.0
308,2,13500.0,700.0,Bangalore,2.0
310,3,120000.0,2110.0,Bangalore,3.0
314,1,18000.0,800.0,Bangalore,1.0
317,3,60000.0,2080.0,Bangalore,3.0
318,2,12500.0,650.0,Bangalore,1.0
320,2,30000.0,1025.0,Bangalore,2.0
322,1,8000.0,350.0,Bangalore,1.0
324,2,13000.0,600.0,Bangalore,1.0
326,2,17000.0,700.0,Bangalore,2.0
334,2,24000.0,1105.0,Bangalore,2.0
339,2,27000.0,1200.0,Bangalore,2.0
340,2,17000.0,900.0,Bangalore,2.0
341,3,50000.0,1250.0,Bangalore,3.0
346,2,15000.0,750.0,Bangalore,2.0
348,2,8500.0,440.0,Bangalore,2.0
353,3,120000.0,2770.0,Bangalore,3.0
354,2,15000.0,800.0,Bangalore,1.0
356,1,5000.0,144.0,Bangalore,1.0
357,1,18000.0,600.0,Bangalore,1.0
359,2,21000.0,1005.0,Bangalore,3.0
367,2,18000.0,600.0,Bangalore,2.0
369,2,38000.0,1274.0,Bangalore,2.0
370,2,36000.0,1200.0,Bangalore,2.0
377,3,75000.0,1850.0,Bangalore,3.0
378,2,25000.0,900.0,Bangalore,2.0
379,2,20000.0,1050.0,Bangalore,2.0
380,2,11000.0,600.0,Bangalore,2.0
381,3,65000.0,1480.0,Bangalore,2.0
383,4,160000.0,4500.0,Bangalore,4.0
385,2,20000.0,1100.0,Bangalore,2.0
388,2,9300.0,500.0,Bangalore,1.0
390,2,13000.0,650.0,Bangalore,1.0
391,1,7000.0,300.0,Bangalore,1.0
394,1,12500.0,600.0,Bangalore,1.0
397,2,20000.0,1100.0,Bangalore,2.0
398,2,24000.0,1300.0,Bangalore,2.0
400,2,15000.0,800.0,Bangalore,2.0
403,3,35000.0,1278.0,Bangalore,2.0
410,3,31000.0,1325.0,Bangalore,2.0
415,1,22000.0,400.0,Bangalore,1.0
416,2,12000.0,600.0,Bangalore,2.0
419,2,30000.0,1100.0,Bangalore,2.0
420,2,12000.0,650.0,Bangalore,2.0
421,2,15000.0,600.0,Bangalore,2.0
423,1,22000.0,460.0,Bangalore,1.0
424,2,40000.0,1380.0,Bangalore,2.0
425,1,12000.0,500.0,Bangalore,1.0
426,2,15000.0,825.0,Bangalore,2.0
429,2,15000.0,800.0,Bangalore,2.0
433,1,10000.0,300.0,Bangalore,1.0
436,3,52000.0,1603.0,Bangalore,3.0
438,1,6500.0,200.0,Bangalore,1.0
441,1,6000.0,150.0,Bangalore,1.0
445,2,10000.0,300.0,Bangalore,2.0
446,1,15000.0,700.0,Bangalore,2.0
447,2,70000.0,1325.0,Bangalore,2.0
448,2,19000.0,894.0,Bangalore,2.0
449,2,20000.0,1100.0,Bangalore,2.0
452,2,27500.0,1000.0,Bangalore,2.0
453,2,16000.0,850.0,Bangalore,2.0
454,1,12000.0,400.0,Bangalore,1.0
455,3,75000.0,2400.0,Bangalore,4.0
459,1,13500.0,450.0,Bangalore,1.0
460,1,17000.0,430.0,Bangalore,1.0
462,1,13000.0,500.0,Bangalore,2.0
463,2,11000.0,600.0,Bangalore,1.0
464,2,16000.0,805.0,Bangalore,2.0
465,2,23500.0,950.0,Bangalore,2.0
473,2,32000.0,1000.0,Bangalore,2.0
474,2,19000.0,800.0,Bangalore,2.0
477,1,15000.0,500.0,Bangalore,1.0
481,3,43000.0,1680.0,Bangalore,3.0
482,2,30000.0,1100.0,Bangalore,2.0
483,2,50000.0,1200.0,Bangalore,1.0
490,1,15000.0,400.0,Bangalore,1.0
495,2,35000.0,800.0,Bangalore,1.0
496,2,16000.0,800.0,Bangalore,1.0
498,2,35000.0,1300.0,Bangalore,2.0
499,1,10000.0,400.0,Bangalore,1.0
504,2,25000.0,1200.0,Bangalore,2.0
507,2,22000.0,846.0,Bangalore,2.0
510,3,25000.0,900.0,Bangalore,3.0
511,1,25000.0,420.0,Bangalore,1.0
512,2,16000.0,800.0,Bangalore,2.0
513,3,60000.0,1500.0,Bangalore,3.0
515,4,250000.0,5700.0,Bangalore,4.0
516,1,19000.0,625.0,Bangalore,1.0
518,2,11000.0,600.0,Bangalore,1.0
524,2,15000.0,600.0,Bangalore,2.0
525,1,18000.0,550.0,Bangalore,1.0
526,2,22500.0,1115.0,Bangalore,2.0
527,1,9500.0,300.0,Bangalore,1.0
531,1,9000.0,400.0,Bangalore,1.0
533,1,12500.0,500.0,Bangalore,1.0
538,2,25000.0,980.0,Bangalore,2.0
539,2,13000.0,600.0,Bangalore,2.0
540,2,8000.0,200.0,Bangalore,2.0
541,3,35000.0,1300.0,Bangalore,2.0
545,4,140000.0,3100.0,Bangalore,4.0
546,2,11000.0,600.0,Bangalore,1.0
549,2,24000.0,630.0,Bangalore,2.0
551,2,10000.0,500.0,Bangalore,1.0
552,3,62000.0,1680.0,Bangalore,3.0
555,2,17500.0,900.0,Bangalore,2.0
557,1,16000.0,550.0,Bangalore,1.0
558,3,30000.0,1250.0,Bangalore,3.0
559,2,28000.0,850.0,Bangalore,2.0
560,1,6500.0,150.0,Bangalore,1.0
563,2,20000.0,750.0,Bangalore,2.0
571,1,15000.0,435.0,Bangalore,1.0
573,3,100000.0,1800.0,Bangalore,3.0
574,2,12000.0,600.0,Bangalore,1.0
580,3,42000.0,1600.0,Bangalore,3.0
584,2,14000.0,700.0,Bangalore,2.0
590,2,9500.0,200.0,Bangalore,1.0
591,2,25000.0,750.0,Bangalore,2.0
595,2,10000.0,500.0,Bangalore,1.0
598,2,24000.0,900.0,Bangalore,2.0
606,1,5000.0,150.0,Bangalore,1.0
608,1,13900.0,600.0,Bangalore,1.0
611,2,13000.0,500.0,Bangalore,1.0
613,2,25000.0,1200.0,Bangalore,1.0
615,3,39000.0,1550.0,Bangalore,3.0
617,1,15000.0,500.0,Bangalore,1.0
618,2,28000.0,1500.0,Bangalore,2.0
620,4,75000.0,2000.0,Bangalore,3.0
625,2,24000.0,990.0,Bangalore,2.0
634,2,42000.0,1150.0,Bangalore,2.0
646,2,25000.0,1350.0,Bangalore,2.0
648,4,190000.0,4000.0,Bangalore,5.0
649,2,24000.0,777.0,Bangalore,2.0
653,2,12500.0,570.0,Bangalore,2.0
658,2,34000.0,1400.0,Bangalore,2.0
660,2,14500.0,650.0,Bangalore,1.0
665,3,75000.0,2000.0,Bangalore,2.0
668,2,16000.0,650.0,Bangalore,2.0
670,2,21000.0,1100.0,Bangalore,2.0
671,3,30000.0,1300.0,Bangalore,3.0
672,3,65000.0,2000.0,Bangalore,3.0
674,2,12000.0,630.0,Bangalore,2.0
676,2,22000.0,1025.0,Bangalore,2.0
678,3,48000.0,1286.0,Bangalore,3.0
681,3,40000.0,1618.0,Bangalore,3.0
684,2,18000.0,850.0,Bangalore,2.0
688,3,50000.0,1580.0,Bangalore,3.0
691,1,16000.0,550.0,Bangalore,1.0
692,1,11000.0,450.0,Bangalore,1.0
693,4,150000.0,4550.0,Bangalore,5.0
694,1,9000.0,400.0,Bangalore,1.0
697,3,35000.0,1500.0,Bangalore,2.0
698,1,9000.0,425.0,Bangalore,1.0
699,1,8000.0,300.0,Bangalore,1.0
700,2,13500.0,650.0,Bangalore,2.0
704,2,11000.0,600.0,Bangalore,2.0
710,2,18500.0,900.0,Bangalore,2.0
711,1,4750.0,200.0,Bangalore,1.0
712,2,15000.0,700.0,Bangalore,2.0
717,2,15000.0,750.0,Bangalore,1.0
719,3,100000.0,1950.0,Bangalore,3.0
725,1,15000.0,600.0,Bangalore,1.0
727,2,14000.0,500.0,Bangalore,2.0
729,3,60000.0,1710.0,Bangalore,3.0
734,1,8500.0,300.0,Bangalore,1.0
737,2,20000.0,300.0,Bangalore,1.0
738,1,11500.0,300.0,Bangalore,1.0
741,1,6500.0,300.0,Bangalore,1.0
742,2,16000.0,850.0,Bangalore,3.0
743,1,24000.0,700.0,Bangalore,1.0
744,1,15000.0,455.0,Bangalore,1.0
749,2,22000.0,1200.0,Bangalore,2.0
750,1,12000.0,500.0,Bangalore,1.0
751,1,9000.0,350.0,Bangalore,1.0
752,2,30000.0,1650.0,Bangalore,3.0
754,2,9250.0,500.0,Bangalore,1.0
759,3,60000.0,2400.0,Bangalore,3.0
760,3,35000.0,1500.0,Bangalore,3.0
761,2,12000.0,600.0,Bangalore,2.0
762,1,14000.0,435.0,Bangalore,1.0
765,2,20000.0,890.0,Bangalore,2.0
766,1,12500.0,600.0,Bangalore,1.0
767,2,35000.0,1250.0,Bangalore,2.0
769,3,85000.0,2600.0,Bangalore,4.0
770,1,14000.0,440.0,Bangalore,1.0
771,2,22000.0,1150.0,Bangalore,2.0
774,2,11000.0,600.0,Bangalore,1.0
775,2,20000.0,980.0,Bangalore,2.0
776,3,60000.0,1850.0,Bangalore,3.0
777,1,4000.0,100.0,Bangalore,2.0
784,2,25000.0,1305.0,Bangalore,2.0
790,3,54000.0,2100.0,Bangalore,3.0
792,3,120000.0,2390.0,Bangalore,3.0
794,2,28000.0,1150.0,Bangalore,2.0
795,3,55000.0,1788.0,Bangalore,3.0
799,3,70000.0,1520.0,Bangalore,4.0
800,1,12000.0,550.0,Bangalore,1.0
802,2,30000.0,1100.0,Bangalore,2.0
806,2,20000.0,1100.0,Bangalore,2.0
808,2,22000.0,850.0,Bangalore,2.0
813,1,4500.0,200.0,Bangalore,1.0
816,1,11000.0,450.0,Bangalore,1.0
818,3,35000.0,1460.0,Bangalore,3.0
821,2,16000.0,680.0,Bangalore,2.0
822,3,100000.0,2750.0,Bangalore,4.0
831,2,30000.0,1000.0,Bangalore,2.0
833,3,90000.0,2400.0,Chennai,3.0
834,1,15000.0,650.0,Chennai,1.0
837,3,29000.0,1200.0,Chennai,3.0
839,2,12000.0,600.0,Chennai,2.0
840,2,29000.0,1300.0,Chennai,2.0
841,2,26000.0,1027.0,Chennai,2.0
846,3,40000.0,1428.0,Chennai,2.0
847,2,23000.0,920.0,Chennai,2.0
851,1,11000.0,550.0,Chennai,1.0
852,2,20000.0,600.0,Chennai,1.0
853,2,15000.0,850.0,Chennai,1.0
855,2,20000.0,1000.0,Chennai,2.0
858,2,27000.0,1550.0,Chennai,3.0
861,2,22000.0,700.0,Chennai,2.0
866,1,4500.0,150.0,Chennai,1.0
871,1,6500.0,250.0,Chennai,1.0
873,2,13000.0,600.0,Chennai,2.0
876,1,12000.0,500.0,Chennai,1.0
877,3,45000.0,1800.0,Chennai,3.0
878,3,35000.0,1550.0,Chennai,2.0
879,3,34999.0,1462.0,Chennai,3.0
881,2,15000.0,700.0,Chennai,1.0
882,2,15000.0,674.0,Chennai,2.0
885,3,35000.0,1540.0,Chennai,2.0
886,3,40000.0,1800.0,Chennai,3.0
887,2,24000.0,1100.0,Chennai,2.0
889,2,30000.0,1200.0,Chennai,2.0
891,2,33000.0,800.0,Chennai,2.0
894,2,13000.0,680.0,Chennai,2.0
895,2,15000.0,800.0,Chennai,2.0
897,2,20000.0,880.0,Chennai,2.0
898,3,36000.0,1500.0,Chennai,3.0
900,2,16000.0,850.0,Chennai,2.0
906,2,12500.0,600.0,Chennai,1.0
908,3,40000.0,1600.0,Chennai,3.0
909,2,15000.0,700.0,Chennai,2.0
913,1,14000.0,420.0,Chennai,1.0
917,3,75000.0,1900.0,Chennai,3.0
920,3,20500.0,1000.0,Chennai,1.0
926,2,20000.0,800.0,Chennai,2.0
927,2,24000.0,850.0,Chennai,2.0
928,2,16000.0,650.0,Chennai,2.0
931,3,26000.0,1100.0,Chennai,2.0
934,1,9000.0,400.0,Chennai,1.0
944,3,50000.0,1600.0,Chennai,3.0
945,1,8000.0,400.0,Chennai,1.0
947,2,15000.0,600.0,Chennai,2.0
948,2,15000.0,750.0,Chennai,2.0
949,2,15000.0,700.0,Chennai,2.0
950,4,75000.0,2200.0,Chennai,5.0
953,3,49000.0,1700.0,Chennai,3.0
954,2,15000.0,830.0,Chennai,2.0
956,3,40000.0,1550.0,Chennai,3.0
957,1,8000.0,200.0,Chennai,1.0
960,2,11000.0,425.0,Chennai,2.0
962,3,90000.0,2300.0,Chennai,3.0
963,2,14000.0,700.0,Chennai,2.0
964,2,25000.0,1145.0,Chennai,2.0
965,2,18000.0,750.0,Chennai,2.0
968,2,22000.0,800.0,Chennai,2.0
971,1,5000.0,250.0,Chennai,1.0
975,2,22000.0,800.0,Chennai,2.0
977,2,18000.0,900.0,Chennai,2.0
979,1,8500.0,400.0,Chennai,1.0
982,2,18000.0,805.0,Chennai,2.0
987,1,15000.0,450.0,Chennai,1.0
990,2,18000.0,970.0,Chennai,2.0
994,2,16000.0,800.0,Chennai,2.0
997,2,15000.0,800.0,Chennai,2.0
1000,2,16000.0,870.0,Chennai,2.0
1003,3,25000.0,1100.0,Chennai,2.0
1006,2,18000.0,860.0,Chennai,2.0
1010,2,12000.0,570.0,Chennai,2.0
1011,2,40000.0,1150.0,Chennai,2.0
1013,2,20000.0,894.0,Chennai,2.0
1016,1,12000.0,550.0,Chennai,1.0
1017,2,14000.0,717.0,Chennai,2.0
1018,2,13000.0,660.0,Chennai,2.0
1030,3,60000.0,1700.0,Chennai,3.0
1032,3,80000.0,2036.0,Chennai,3.0
1033,2,23999.0,610.0,Chennai,1.0
1034,2,23000.0,1100.0,Chennai,2.0
1035,2,16000.0,900.0,Chennai,2.0
1038,2,14000.0,800.0,Chennai,2.0
1041,1,8000.0,320.0,Chennai,1.0
1042,2,25000.0,700.0,Chennai,1.0
1049,3,65000.0,2200.0,Chennai,3.0
1050,3,75000.0,2500.0,Chennai,3.0
1052,2,12000.0,619.0,Chennai,1.0
1060,1,7000.0,300.0,Chennai,1.0
1061,2,25000.0,800.0,Chennai,2.0
1065,1,4500.0,115.0,Chennai,1.0
1066,2,22000.0,800.0,Chennai,2.0
1068,2,16000.0,800.0,Chennai,2.0
1072,2,20000.0,900.0,Chennai,2.0
1076,2,15000.0,700.0,Chennai,2.0
1078,2,13500.0,600.0,Chennai,2.0
1082,2,17500.0,650.0,Chennai,2.0
1085,2,12000.0,560.0,Chennai,2.0
1086,1,5250.0,250.0,Chennai,1.0
1087,2,25000.0,685.0,Chennai,2.0
1090,3,35000.0,1557.0,Chennai,3.0
1092,2,16000.0,800.0,Chennai,2.0
1093,3,28000.0,917.0,Chennai,2.0
1096,2,35000.0,1000.0,Chennai,2.0
1097,1,11000.0,579.0,Chennai,1.0
1098,2,23000.0,1100.0,Chennai,2.0
1101,4,100000.0,2500.0,Chennai,4.0
1102,3,47500.0,1920.0,Chennai,3.0
1107,2,35000.0,1020.0,Chennai,2.0
1108,4,100000.0,3000.0,Chennai,4.0
1112,3,46000.0,1700.0,Chennai,3.0
1113,4,65000.0,2000.0,Chennai,3.0
1116,3,29000.0,1225.0,Chennai,3.0
1117,2,23999.0,610.0,Chennai,1.0
1118,3,26000.0,1200.0,Chennai,3.0
1119,1,15000.0,500.0,Chennai,1.0
1121,2,20000.0,850.0,Chennai,2.0
1122,2,15000.0,800.0,Chennai,2.0
1130,3,45000.0,1450.0,Chennai,2.0
1131,2,22000.0,850.0,Chennai,2.0
1134,2,45000.0,1200.0,Chennai,2.0
1136,2,14000.0,560.0,Chennai,2.0
1140,2,25000.0,1200.0,Chennai,2.0
1141,2,18000.0,900.0,Chennai,2.0
1144,2,30000.0,1100.0,Chennai,2.0
1150,2,22000.0,1050.0,Chennai,2.0
1151,3,23000.0,1060.0,Chennai,2.0
1154,1,12000.0,450.0,Chennai,1.0
1155,3,33000.0,1600.0,Chennai,3.0
1157,2,18999.0,618.0,Chennai,2.0
1163,3,53000.0,1700.0,Chennai,3.0
1165,2,21000.0,1100.0,Chennai,2.0
1167,2,26000.0,1300.0,Chennai,2.0
1169,2,25000.0,1340.0,Chennai,2.0
1170,1,10000.0,250.0,Chennai,1.0
1172,2,15000.0,650.0,Chennai,2.0
1181,1,6000.0,300.0,Chennai,1.0
1187,3,38000.0,1300.0,Chennai,3.0
1188,2,20000.0,900.0,Chennai,2.0
1190,2,12500.0,400.0,Chennai,2.0
1193,1,8500.0,450.0,Chennai,1.0
1194,2,30000.0,1020.0,Chennai,2.0
1201,3,25000.0,1100.0,Chennai,2.0
1202,3,130000.0,3000.0,Chennai,3.0
1203,2,13000.0,650.0,Chennai,2.0
1205,1,18000.0,500.0,Chennai,1.0
1207,1,16000.0,450.0,Chennai,1.0
1208,2,18000.0,700.0,Chennai,2.0
1211,2,15000.0,650.0,Chennai,2.0
1212,2,19000.0,850.0,Chennai,2.0
1214,3,45000.0,1780.0,Chennai,3.0
1215,2,20000.0,980.0,Chennai,2.0
1217,2,14000.0,600.0,Chennai,2.0
1220,3,30000.0,1300.0,Chennai,3.0
1221,3,30000.0,1484.0,Chennai,3.0
1222,1,12500.0,630.0,Chennai,1.0
1223,2,24000.0,1150.0,Chennai,2.0
1225,2,12000.0,600.0,Chennai,2.0
1226,3,45000.0,2200.0,Chennai,3.0
1232,2,30000.0,1140.0,Chennai,2.0
1240,3,90000.0,2100.0,Chennai,3.0
1243,2,15000.0,805.0,Chennai,2.0
1244,2,14000.0,800.0,Chennai,2.0
1247,4,120000.0,4000.0,Chennai,4.0
1249,1,21000.0,500.0,Chennai,1.0
1250,2,22000.0,1050.0,Chennai,2.0
1251,2,15000.0,650.0,Chennai,2.0
1253,2,19000.0,900.0,Chennai,2.0
1254,3,37500.0,1475.0,Chennai,3.0
1255,1,8000.0,360.0,Chennai,1.0
1256,3,45000.0,1600.0,Chennai,3.0
1259,2,15000.0,700.0,Chennai,2.0
1260,3,25000.0,1132.0,Chennai,2.0
1262,5,50000.0,3300.0,Chennai,5.0
1266,2,26000.0,1020.0,Chennai,2.0
1267,2,9000.0,500.0,Chennai,2.0
1271,2,12000.0,650.0,Chennai,2.0
1272,2,26000.0,900.0,Chennai,2.0
1273,2,30000.0,1100.0,Chennai,2.0
1278,3,40000.0,1500.0,Chennai,3.0
1285,2,8500.0,450.0,Chennai,1.0
1287,3,60000.0,1800.0,Chennai,3.0
1288,2,18000.0,985.0,Chennai,2.0
1289,4,70000.0,2880.0,Chennai,3.0
1294,2,17000.0,914.0,Chennai,2.0
1296,3,39000.0,1170.0,Chennai,2.0
1297,1,6500.0,350.0,Chennai,1.0
1301,1,8500.0,200.0,Chennai,1.0
1302,1,7500.0,350.0,Chennai,1.0
1304,3,34000.0,1503.0,Chennai,2.0
1306,3,23000.0,900.0,Chennai,2.0
1307,1,17000.0,625.0,Chennai,1.0
1310,3,30000.0,1000.0,Chennai,3.0
1311,1,15000.0,520.0,Chennai,1.0
1314,3,40000.0,1400.0,Chennai,3.0
1323,2,16500.0,700.0,Chennai,2.0
1326,2,25000.0,1100.0,Chennai,2.0
1327,2,15000.0,700.0,Chennai,2.0
1331,2,12000.0,550.0,Chennai,2.0
1332,3,72000.0,2900.0,Chennai,3.0
1335,2,15000.0,800.0,Chennai,1.0
1340,2,16000.0,800.0,Chennai,2.0
1345,2,20000.0,900.0,Chennai,2.0
1346,2,13000.0,700.0,Chennai,2.0
1348,2,18000.0,1000.0,Chennai,2.0
1349,2,20000.0,700.0,Chennai,2.0
1350,2,14000.0,690.0,Chennai,1.0
1351,3,25000.0,1200.0,Chennai,3.0
1352,2,26000.0,1200.0,Chennai,2.0
1355,2,15000.0,780.0,Chennai,2.0
1358,6,60000.0,1800.0,Chennai,6.0
1360,2,23000.0,1153.0,Chennai,2.0
1361,1,18000.0,500.0,Chennai,1.0
1364,2,13000.0,730.0,Chennai,2.0
1370,1,18000.0,520.0,Chennai,1.0
1371,2,22000.0,1000.0,Chennai,2.0
1377,1,15000.0,550.0,Chennai,1.0
1378,2,22000.0,1150.0,Chennai,2.0
1383,3,40000.0,1400.0,Chennai,3.0
1384,3,17000.0,800.0,Chennai,2.0
1386,2,30000.0,900.0,Chennai,2.0
1390,1,8000.0,281.0,Chennai,1.0
1391,1,12500.0,600.0,Chennai,1.0
1392,5,100000.0,6000.0,Chennai,4.0
1394,1,7500.0,390.0,Chennai,1.0
1398,3,45000.0,1700.0,Chennai,3.0
1400,2,17000.0,590.0,Chennai,2.0
1401,3,34999.0,1400.0,Chennai,3.0
1403,1,10500.0,520.0,Chennai,1.0
1408,2,15000.0,700.0,Chennai,2.0
1409,2,19000.0,800.0,Chennai,2.0
1410,2,25000.0,850.0,Chennai,2.0
1411,1,10000.0,502.0,Chennai,1.0
1413,2,12500.0,500.0,Chennai,1.0
1420,2,20000.0,750.0,Chennai,3.0
1423,1,10000.0,500.0,Chennai,1.0
1433,2,18000.0,900.0,Chennai,2.0
1435,2,16000.0,600.0,Chennai,2.0
1436,1,13500.0,450.0,Chennai,1.0
1440,2,20000.0,750.0,Chennai,2.0
1441,1,13500.0,550.0,Chennai,1.0
1442,3,26000.0,1125.0,Chennai,2.0
1446,3,40000.0,1250.0,Chennai,3.0
1447,2,24000.0,1100.0,Chennai,2.0
1448,1,18000.0,475.0,Chennai,1.0
1449,2,11000.0,530.0,Chennai,1.0
1450,2,23000.0,1050.0,Chennai,2.0
1457,2,25000.0,1050.0,Chennai,2.0
1458,2,25000.0,1000.0,Chennai,2.0
1465,1,13000.0,450.0,Chennai,1.0
1472,2,17000.0,950.0,Chennai,2.0
1476,3,23000.0,1000.0,Chennai,3.0
1477,2,19000.0,800.0,Chennai,2.0
1478,3,45000.0,1500.0,Chennai,2.0
1481,3,45000.0,1650.0,Chennai,3.0
1482,4,60000.0,2317.0,Chennai,4.0
1484,3,40000.0,1700.0,Chennai,3.0
1487,2,35000.0,1109.0,Chennai,2.0
1493,1,12000.0,400.0,Chennai,1.0
1497,2,28000.0,1200.0,Chennai,2.0
1501,3,36000.0,1610.0,Chennai,3.0
1508,2,12000.0,600.0,Chennai,1.0
1509,1,5000.0,200.0,Chennai,1.0
1511,2,15000.0,550.0,Chennai,2.0
1513,3,37500.0,1680.0,Chennai,3.0
1515,2,16000.0,820.0,Chennai,2.0
1516,3,34000.0,1125.0,Chennai,3.0
1518,2,15000.0,780.0,Chennai,1.0
1519,1,8000.0,400.0,Chennai,1.0
1520,2,22000.0,1000.0,Chennai,2.0
1521,3,85000.0,3500.0,Chennai,3.0
1523,2,14000.0,800.0,Chennai,2.0
1530,2,14000.0,780.0,Chennai,2.0
1531,2,10000.0,500.0,Chennai,1.0
1532,2,18500.0,1000.0,Chennai,2.0
1535,3,35000.0,1152.0,Chennai,3.0
1538,2,27999.0,1250.0,Chennai,2.0
1541,2,13000.0,720.0,Chennai,2.0
1542,4,80000.0,3000.0,Chennai,4.0
1543,2,22999.0,1144.0,Chennai,2.0
1544,3,36000.0,1750.0,Chennai,3.0
1545,2,12500.0,590.0,Chennai,1.0
1546,2,18000.0,900.0,Chennai,2.0
1548,2,18000.0,1000.0,Chennai,2.0
1549,3,37000.0,1650.0,Chennai,3.0
1550,2,18000.0,700.0,Chennai,2.0
1555,1,9000.0,450.0,Chennai,1.0
1561,2,23000.0,900.0,Chennai,2.0
1562,2,15000.0,550.0,Chennai,1.0
1563,2,18500.0,750.0,Chennai,2.0
1564,2,28000.0,1000.0,Chennai,2.0
1565,3,32000.0,1050.0,Chennai,3.0
1566,1,14000.0,650.0,Chennai,2.0
1568,3,33000.0,1075.0,Chennai,3.0
1569,2,18000.0,720.0,Chennai,2.0
1574,2,19000.0,900.0,Chennai,2.0
1579,3,35000.0,1350.0,Chennai,2.0
1580,3,70000.0,2000.0,Chennai,3.0
1581,3,32000.0,1200.0,Chennai,2.0
1583,1,10000.0,500.0,Chennai,1.0
1586,3,40000.0,1600.0,Chennai,3.0
1593,3,25000.0,1146.0,Chennai,2.0
1595,2,18000.0,800.0,Chennai,2.0
1600,2,15000.0,400.0,Chennai,2.0
1606,2,20000.0,850.0,Chennai,2.0
1608,2,17000.0,750.0,Chennai,2.0
1609,3,75000.0,2000.0,Chennai,3.0
1611,2,32000.0,1250.0,Chennai,2.0
1613,3,28000.0,1050.0,Chennai,3.0
1615,3,50000.0,1625.0,Chennai,3.0
1616,3,32500.0,1535.0,Chennai,3.0
1617,2,23000.0,850.0,Chennai,2.0
1619,3,80000.0,1800.0,Delhi,3.0
1622,3,65000.0,1550.0,Delhi,3.0
1623,2,18500.0,650.0,Delhi,2.0
1624,2,40000.0,850.0,Delhi,2.0
1625,4,90000.0,2000.0,Delhi,4.0
1628,3,90000.0,2500.0,Delhi,3.0
1629,1,22000.0,720.0,Delhi,1.0
1630,2,12000.0,400.0,Delhi,1.0
1631,2,11000.0,450.0,Delhi,1.0
1632,1,20000.0,250.0,Delhi,1.0
1636,1,16000.0,400.0,Delhi,1.0
1640,1,14900.0,450.0,Delhi,1.0
1643,2,40000.0,750.0,Delhi,2.0
1647,3,95000.0,2400.0,Delhi,3.0
1650,3,50000.0,1670.0,Delhi,3.0
1652,1,12000.0,350.0,Delhi,1.0
1653,2,16000.0,650.0,Delhi,2.0
1656,2,18000.0,600.0,Delhi,2.0
1658,2,80000.0,2200.0,Delhi,3.0
1659,2,15500.0,600.0,Delhi,2.0
1661,2,20000.0,800.0,Delhi,2.0
1662,2,16000.0,650.0,Delhi,2.0
1663,3,50000.0,1250.0,Delhi,3.0
1665,4,90000.0,2100.0,Delhi,4.0
1667,1,30000.0,650.0,Delhi,1.0
1668,2,16500.0,550.0,Delhi,2.0
1670,2,30000.0,700.0,Delhi,2.0
1671,3,70000.0,1901.0,Delhi,3.0
1673,2,9000.0,145.0,Delhi,2.0
1674,2,22000.0,800.0,Delhi,3.0
1675,3,35000.0,1100.0,Delhi,4.0
1681,3,25000.0,450.0,Delhi,2.0
1685,1,12500.0,250.0,Delhi,1.0
1688,3,75000.0,1900.0,Delhi,3.0
1689,3,36000.0,892.0,Delhi,2.0
1690,1,13000.0,400.0,Delhi,1.0
1693,1,13000.0,350.0,Delhi,1.0
1695,3,35000.0,950.0,Delhi,2.0
1697,1,20000.0,450.0,Delhi,1.0
1698,2,25000.0,850.0,Delhi,2.0
1699,1,8000.0,200.0,Delhi,1.0
1700,4,150000.0,3000.0,Delhi,4.0
1708,2,45000.0,900.0,Delhi,2.0
1709,2,27000.0,900.0,Delhi,2.0
1712,1,7500.0,225.0,Delhi,1.0
1715,1,25000.0,800.0,Delhi,2.0
1718,1,12500.0,200.0,Delhi,1.0
1720,2,35000.0,900.0,Delhi,2.0
1721,2,52000.0,1125.0,Delhi,2.0
1723,2,32000.0,1100.0,Delhi,2.0
1724,1,11500.0,400.0,Delhi,1.0
1725,3,45000.0,713.0,Delhi,3.0
1728,1,15000.0,200.0,Delhi,1.0
1729,2,22000.0,800.0,Delhi,2.0
1730,2,32000.0,1000.0,Delhi,2.0
1731,2,20000.0,500.0,Delhi,2.0
1732,2,35000.0,900.0,Delhi,2.0
1737,2,12000.0,450.0,Delhi,2.0
1738,4,140000.0,2800.0,Delhi,4.0
1739,1,20000.0,400.0,Delhi,1.0
1740,1,15000.0,400.0,Delhi,1.0
1741,2,28500.0,900.0,Delhi,2.0
1743,1,16000.0,500.0,Delhi,1.0
1744,3,80000.0,1700.0,Delhi,3.0
1746,2,45000.0,1000.0,Delhi,2.0
1748,2,36000.0,1440.0,Delhi,2.0
1749,3,45000.0,1500.0,Delhi,3.0
1750,2,20000.0,400.0,Delhi,1.0
1752,2,13000.0,455.0,Delhi,1.0
1759,2,15000.0,450.0,Delhi,1.0
1763,1,24000.0,600.0,Delhi,1.0
1764,3,52000.0,1700.0,Delhi,3.0
1765,3,70000.0,1800.0,Delhi,3.0
1767,2,22000.0,900.0,Delhi,2.0
1768,1,8000.0,200.0,Delhi,1.0
1769,1,8000.0,200.0,Delhi,1.0
1771,2,25000.0,750.0,Delhi,2.0
1772,2,12000.0,400.0,Delhi,1.0
1773,2,17000.0,500.0,Delhi,2.0
1775,3,70000.0,1500.0,Delhi,3.0
1776,1,14000.0,446.0,Delhi,1.0
1777,3,32000.0,1100.0,Delhi,2.0
1778,1,4000.0,125.0,Delhi,1.0
1779,3,100000.0,1800.0,Delhi,3.0
1782,2,18000.0,730.0,Delhi,2.0
1790,3,31000.0,900.0,Delhi,2.0
1794,3,60000.0,1800.0,Delhi,3.0
1795,2,95000.0,2700.0,Delhi,2.0
1796,1,16000.0,499.0,Delhi,1.0
1798,3,140000.0,2200.0,Delhi,3.0
1802,2,25000.0,900.0,Delhi,2.0
1806,2,22000.0,900.0,Delhi,2.0
1807,2,40000.0,1100.0,Delhi,2.0
1808,2,22000.0,700.0,Delhi,2.0
1811,3,130000.0,3000.0,Delhi,4.0
1813,3,45000.0,1100.0,Delhi,3.0
1814,1,15000.0,497.0,Delhi,1.0
1819,1,20000.0,450.0,Delhi,1.0
1835,1,11000.0,350.0,Delhi,1.0
1836,3,55000.0,1800.0,Delhi,3.0
1837,2,25000.0,900.0,Delhi,2.0
1844,2,35000.0,1000.0,Delhi,2.0
1847,2,13000.0,400.0,Delhi,2.0
1850,1,13000.0,180.0,Delhi,1.0
1851,2,33000.0,1000.0,Delhi,2.0
1853,3,70000.0,1800.0,Delhi,3.0
1857,3,50000.0,1600.0,Delhi,2.0
1858,1,20000.0,650.0,Delhi,1.0
1864,3,65000.0,1600.0,Delhi,2.0
1866,1,4000.0,120.0,Delhi,1.0
1868,1,7500.0,200.0,Delhi,1.0
1869,1,17000.0,550.0,Delhi,1.0
1872,2,15000.0,550.0,Delhi,1.0
1873,3,100000.0,2925.0,Delhi,3.0
1874,1,7500.0,150.0,Delhi,1.0
1880,3,47000.0,1550.0,Delhi,2.0
1886,2,13500.0,550.0,Delhi,2.0
1889,1,20000.0,700.0,Delhi,1.0
1891,3,80000.0,2000.0,Delhi,3.0
1894,2,45000.0,1650.0,Delhi,2.0
1895,2,30000.0,1150.0,Delhi,2.0
1899,2,30000.0,900.0,Delhi,2.0
1901,4,200000.0,2700.0,Delhi,4.0
1904,2,13000.0,400.0,Delhi,1.0
1906,1,18000.0,450.0,Delhi,1.0
1908,1,19000.0,545.0,Delhi,1.0
1910,3,50000.0,1100.0,Delhi,3.0
1912,1,18000.0,300.0,Delhi,1.0
1914,1,16000.0,400.0,Delhi,1.0
1917,2,21000.0,600.0,Delhi,2.0
1918,2,20000.0,600.0,Delhi,2.0
1927,1,20000.0,400.0,Delhi,1.0
1928,4,150000.0,2600.0,Delhi,4.0
1938,3,90000.0,1872.0,Delhi,3.0
1941,1,4000.0,90.0,Delhi,2.0
1943,1,15000.0,250.0,Delhi,1.0
1945,3,30000.0,900.0,Delhi,3.0
1950,3,70000.0,1500.0,Delhi,3.0
1953,3,60000.0,1600.0,Delhi,3.0
1954,3,35000.0,1200.0,Delhi,2.0
1955,3,55000.0,1150.0,Delhi,3.0
1960,2,20000.0,800.0,Delhi,1.0
1962,2,13000.0,400.0,Delhi,1.0
1963,2,20000.0,810.0,Delhi,2.0
1965,2,40000.0,1125.0,Delhi,2.0
1967,3,95000.0,1300.0,Delhi,3.0
1968,3,68000.0,1450.0,Delhi,3.0
1969,4,130000.0,3500.0,Delhi,6.0
1970,4,150000.0,4000.0,Delhi,7.0
1971,3,75000.0,2500.0,Delhi,4.0
1972,4,110000.0,3000.0,Delhi,5.0
1973,4,150000.0,3500.0,Delhi,6.0
1974,1,10000.0,240.0,Delhi,1.0
1977,3,28000.0,900.0,Delhi,2.0
1980,2,17000.0,650.0,Delhi,2.0
1981,2,25000.0,900.0,Delhi,1.0
1983,2,25000.0,680.0,Delhi,1.0
1984,2,22999.0,756.0,Delhi,2.0
1986,2,40000.0,900.0,Delhi,2.0
1989,2,32000.0,900.0,Delhi,2.0
1992,2,30000.0,1000.0,Delhi,2.0
1993,1,12000.0,400.0,Delhi,1.0
1994,1,18000.0,450.0,Delhi,1.0
1996,1,16000.0,400.0,Delhi,1.0
1999,2,30000.0,450.0,Delhi,1.0
2005,1,20000.0,400.0,Delhi,1.0
2008,3,55000.0,1450.0,Delhi,2.0
2010,2,16000.0,550.0,Delhi,2.0
2011,2,23000.0,900.0,Delhi,2.0
2019,3,110000.0,1750.0,Delhi,4.0
2022,2,40000.0,1000.0,Delhi,2.0
2023,2,8000.0,200.0,Delhi,1.0
2027,3,40000.0,1350.0,Delhi,3.0
2028,4,150000.0,2550.0,Delhi,4.0
2030,2,17500.0,650.0,Delhi,2.0
2033,3,30000.0,1000.0,Delhi,2.0
2036,3,90000.0,1550.0,Delhi,3.0
2037,4,280000.0,3800.0,Delhi,5.0
2038,2,32000.0,1150.0,Delhi,2.0
2039,3,80000.0,2000.0,Delhi,3.0
2041,3,42000.0,1450.0,Delhi,2.0
2045,1,17000.0,400.0,Delhi,1.0
2048,1,17000.0,450.0,Delhi,1.0
2051,2,23000.0,900.0,Delhi,2.0
2052,1,10000.0,200.0,Delhi,1.0
2053,2,35000.0,1300.0,Delhi,2.0
2055,1,7000.0,200.0,Delhi,1.0
2058,2,30000.0,750.0,Delhi,2.0
2059,2,25000.0,950.0,Delhi,2.0
2063,3,100000.0,1400.0,Delhi,3.0
2066,1,15000.0,350.0,Delhi,1.0
2068,1,17000.0,550.0,Delhi,1.0
2073,2,31000.0,1200.0,Delhi,2.0
2074,1,9000.0,250.0,Delhi,1.0
2077,2,12500.0,500.0,Delhi,2.0
2078,4,75000.0,3800.0,Hyderabad,4.0
2079,3,60000.0,3200.0,Hyderabad,3.0
2080,2,12000.0,647.0,Hyderabad,1.0
2081,3,48000.0,1798.0,Hyderabad,3.0
2082,2,14000.0,930.0,Hyderabad,2.0
2086,2,14000.0,900.0,Hyderabad,2.0
2090,2,13000.0,800.0,Hyderabad,2.0
2092,1,10500.0,500.0,Hyderabad,1.0
2096,1,10500.0,450.0,Hyderabad,1.0
2098,3,35000.0,1650.0,Hyderabad,3.0
2103,1,5500.0,300.0,Hyderabad,1.0
2104,3,25000.0,919.0,Hyderabad,2.0
2106,1,9000.0,450.0,Hyderabad,1.0
2107,4,25000.0,1000.0,Hyderabad,3.0
2109,3,45000.0,1900.0,Hyderabad,3.0
2110,2,27000.0,1500.0,Hyderabad,2.0
2111,2,12000.0,700.0,Hyderabad,2.0
2115,2,12000.0,745.0,Hyderabad,2.0
2117,3,30000.0,1450.0,Hyderabad,3.0
2121,2,23000.0,1000.0,Hyderabad,1.0
2123,2,18000.0,1200.0,Hyderabad,3.0
2124,3,55000.0,2430.0,Hyderabad,3.0
2126,3,28000.0,1500.0,Hyderabad,3.0
2129,5,45000.0,2300.0,Hyderabad,3.0
2132,3,35000.0,1600.0,Hyderabad,3.0
2134,1,8000.0,300.0,Hyderabad,1.0
2138,3,45000.0,2200.0,Hyderabad,3.0
2140,3,50000.0,2290.0,Hyderabad,3.0
2141,3,40000.0,1900.0,Hyderabad,3.0
2142,3,30000.0,1600.0,Hyderabad,3.0
2144,1,9000.0,500.0,Hyderabad,1.0
2147,4,100000.0,3300.0,Hyderabad,4.0
2149,3,24000.0,1200.0,Hyderabad,4.0
2152,2,24000.0,1200.0,Hyderabad,2.0
2154,2,45000.0,1600.0,Hyderabad,2.0
2155,2,22000.0,1000.0,Hyderabad,2.0
2157,3,40000.0,1473.0,Hyderabad,2.0
2160,1,10000.0,500.0,Hyderabad,1.0
2161,1,14500.0,500.0,Hyderabad,1.0
2162,1,9000.0,500.0,Hyderabad,3.0
2165,3,49000.0,1800.0,Hyderabad,3.0
2166,1,9000.0,450.0,Hyderabad,1.0
2171,3,32000.0,1783.0,Hyderabad,2.0
2172,2,15000.0,900.0,Hyderabad,2.0
2173,3,35000.0,1725.0,Hyderabad,3.0
2175,2,25000.0,1300.0,Hyderabad,2.0
2177,3,38000.0,1496.0,Hyderabad,2.0
2183,2,17000.0,875.0,Hyderabad,2.0
2185,3,35000.0,1956.0,Hyderabad,3.0
2186,2,12000.0,800.0,Hyderabad,1.0
2189,3,45000.0,1955.0,Hyderabad,3.0
2190,2,20000.0,950.0,Hyderabad,2.0
2191,2,15000.0,800.0,Hyderabad,2.0
2193,2,19800.0,1070.0,Hyderabad,2.0
2194,2,9000.0,600.0,Hyderabad,2.0
2195,1,13000.0,750.0,Hyderabad,1.0
2196,2,18000.0,900.0,Hyderabad,2.0
2199,1,8000.0,450.0,Hyderabad,1.0
2200,2,10000.0,600.0,Hyderabad,2.0
2203,2,25000.0,1500.0,Hyderabad,2.0
2204,2,22000.0,1200.0,Hyderabad,2.0
2207,2,16000.0,800.0,Hyderabad,2.0
2210,3,35000.0,1250.0,Hyderabad,2.0
2211,1,14000.0,700.0,Hyderabad,1.0
2212,2,25000.0,1100.0,Hyderabad,2.0
2215,3,30000.0,1700.0,Hyderabad,3.0
2217,2,16000.0,1000.0,Hyderabad,2.0
2221,2,12000.0,500.0,Hyderabad,2.0
2222,3,25000.0,1300.0,Hyderabad,2.0
2223,2,13000.0,600.0,Hyderabad,1.0
2224,3,35000.0,1565.0,Hyderabad,3.0
2225,1,6500.0,350.0,Hyderabad,1.0
2227,2,25000.0,1200.0,Hyderabad,2.0
2228,3,35000.0,2000.0,Hyderabad,3.0
2233,3,35000.0,1675.0,Hyderabad,3.0
2238,2,12000.0,650.0,Hyderabad,2.0
2245,2,15000.0,1000.0,Hyderabad,2.0
2251,2,15000.0,800.0,Hyderabad,2.0
2252,2,10000.0,600.0,Hyderabad,1.0
2256,3,60000.0,2405.0,Hyderabad,4.0
2259,3,50000.0,2300.0,Hyderabad,3.0
2260,2,17000.0,1000.0,Hyderabad,2.0
2262,4,80000.0,3115.0,Hyderabad,5.0
2272,3,52000.0,2800.0,Hyderabad,3.0
2279,2,12000.0,780.0,Hyderabad,2.0
2280,1,10000.0,500.0,Hyderabad,1.0
2281,2,17000.0,1050.0,Hyderabad,2.0
2282,1,15500.0,600.0,Hyderabad,1.0
2283,3,45000.0,1900.0,Hyderabad,3.0
2285,2,20000.0,1200.0,Hyderabad,2.0
2292,2,22000.0,1300.0,Hyderabad,2.0
2294,2,14000.0,650.0,Hyderabad,2.0
2297,2,14000.0,800.0,Hyderabad,2.0
2299,2,13000.0,600.0,Hyderabad,2.0
2300,3,20000.0,1000.0,Hyderabad,3.0
2301,3,25000.0,1000.0,Hyderabad,3.0
2303,1,200000.0,8000.0,Hyderabad,10.0
2307,1,9500.0,400.0,Hyderabad,1.0
2311,1,7500.0,400.0,Hyderabad,1.0
2312,1,13900.0,650.0,Hyderabad,1.0
2315,3,30000.0,1730.0,Hyderabad,3.0
2322,3,32000.0,1300.0,Hyderabad,3.0
2325,1,8000.0,400.0,Hyderabad,1.0
2327,3,26000.0,1450.0,Hyderabad,2.0
2328,3,42000.0,1600.0,Hyderabad,3.0
2330,3,40000.0,1900.0,Hyderabad,3.0
2331,3,45000.0,2600.0,Hyderabad,3.0
2332,1,8500.0,450.0,Hyderabad,2.0
2333,2,15000.0,1000.0,Hyderabad,2.0
2335,3,55000.0,2000.0,Hyderabad,3.0
2336,2,25000.0,1450.0,Hyderabad,2.0
2337,2,27000.0,1230.0,Hyderabad,2.0
2340,2,14000.0,850.0,Hyderabad,2.0
2344,3,28000.0,1600.0,Hyderabad,2.0
2347,2,10000.0,650.0,Hyderabad,2.0
2351,2,18000.0,700.0,Hyderabad,2.0
2353,2,15000.0,980.0,Hyderabad,2.0
2354,2,15500.0,800.0,Hyderabad,2.0
2357,2,15000.0,1000.0,Hyderabad,2.0
2361,2,25000.0,1100.0,Hyderabad,2.0
2366,3,34000.0,1500.0,Hyderabad,3.0
2369,2,10000.0,650.0,Hyderabad,2.0
2370,3,30000.0,1500.0,Hyderabad,3.0
2372,3,45000.0,1645.0,Hyderabad,3.0
2374,2,25000.0,1250.0,Hyderabad,2.0
2375,2,19000.0,1000.0,Hyderabad,2.0
2380,1,10000.0,600.0,Hyderabad,1.0
2383,2,12000.0,600.0,Hyderabad,1.0
2384,2,20000.0,900.0,Hyderabad,2.0
2385,2,12000.0,800.0,Hyderabad,2.0
2386,3,20000.0,1000.0,Hyderabad,2.0
2387,3,70000.0,3200.0,Hyderabad,3.0
2390,1,8000.0,400.0,Hyderabad,1.0
2393,2,30000.0,1200.0,Hyderabad,2.0
2394,2,18000.0,1150.0,Hyderabad,2.0
2395,1,12000.0,500.0,Hyderabad,1.0
2397,3,32000.0,1600.0,Hyderabad,3.0
2400,1,9000.0,500.0,Hyderabad,1.0
2402,2,19500.0,1140.0,Hyderabad,2.0
2403,2,25000.0,1100.0,Hyderabad,2.0
2408,2,13000.0,700.0,Hyderabad,2.0
2409,4,52000.0,2700.0,Hyderabad,4.0
2410,2,22000.0,1100.0,Hyderabad,2.0
2411,2,18000.0,1000.0,Hyderabad,2.0
2415,2,21000.0,1100.0,Hyderabad,2.0
2421,6,60000.0,2800.0,Hyderabad,7.0
2427,3,26000.0,1450.0,Hyderabad,2.0
2431,3,20000.0,1150.0,Hyderabad,3.0
2433,2,18000.0,1000.0,Hyderabad,2.0
2437,3,28000.0,1600.0,Hyderabad,3.0
2438,1,7000.0,400.0,Hyderabad,1.0
2439,2,30000.0,1350.0,Hyderabad,2.0
2440,3,40000.0,1960.0,Hyderabad,3.0
2442,2,15000.0,1000.0,Hyderabad,2.0
2443,2,18000.0,1100.0,Hyderabad,2.0
2449,3,25000.0,1250.0,Hyderabad,2.0
2452,1,13000.0,700.0,Hyderabad,1.0
2453,2,25000.0,1150.0,Hyderabad,2.0
2455,2,20000.0,1000.0,Hyderabad,3.0
2456,1,13500.0,700.0,Hyderabad,1.0
2457,3,21000.0,1100.0,Hyderabad,2.0
2460,2,24000.0,1350.0,Hyderabad,2.0
2462,5,50000.0,3500.0,Hyderabad,6.0
2463,3,32000.0,1250.0,Hyderabad,3.0
2467,1,3000.0,100.0,Hyderabad,1.0
2468,3,52000.0,1742.0,Hyderabad,3.0
2470,3,46000.0,2235.0,Hyderabad,5.0
2472,2,39000.0,1283.0,Hyderabad,2.0
2475,1,14000.0,540.0,Hyderabad,1.0
2480,2,14000.0,800.0,Hyderabad,2.0
2486,2,25000.0,1150.0,Hyderabad,2.0
2487,2,12000.0,700.0,Hyderabad,2.0
2489,3,30000.0,1500.0,Hyderabad,2.0
2492,2,15000.0,600.0,Hyderabad,2.0
2493,2,21000.0,1130.0,Hyderabad,2.0
2495,3,30000.0,1606.0,Hyderabad,3.0
2502,2,13000.0,800.0,Hyderabad,2.0
2508,3,45000.0,2352.0,Hyderabad,4.0
2510,2,12000.0,550.0,Hyderabad,2.0
2512,2,16000.0,1050.0,Hyderabad,2.0
2513,2,15000.0,800.0,Hyderabad,2.0
2514,2,15000.0,1000.0,Hyderabad,2.0
2515,2,22000.0,1230.0,Hyderabad,2.0
2517,1,9000.0,300.0,Hyderabad,1.0
2524,2,18000.0,990.0,Hyderabad,2.0
2526,2,15000.0,900.0,Hyderabad,2.0
2529,3,37000.0,1550.0,Hyderabad,3.0
2530,2,16000.0,1050.0,Hyderabad,2.0
2535,2,15000.0,850.0,Hyderabad,1.0
2536,3,35000.0,1700.0,Hyderabad,3.0
2540,6,35000.0,3400.0,Hyderabad,7.0
2541,2,45000.0,1492.0,Hyderabad,2.0
2542,4,60000.0,2990.0,Hyderabad,3.0
2543,3,70000.0,2780.0,Hyderabad,3.0
2545,2,18000.0,940.0,Hyderabad,2.0
2546,3,45000.0,1742.0,Hyderabad,3.0
2547,3,55000.0,2000.0,Hyderabad,3.0
2549,3,35000.0,1800.0,Hyderabad,3.0
2553,3,42000.0,2000.0,Hyderabad,3.0
2555,2,20000.0,1200.0,Hyderabad,1.0
2556,2,19000.0,1100.0,Hyderabad,2.0
2557,1,14000.0,550.0,Hyderabad,1.0
2558,2,18500.0,920.0,Hyderabad,2.0
2559,3,38000.0,1400.0,Hyderabad,2.0
2560,3,67000.0,2310.0,Hyderabad,3.0
2561,1,7000.0,300.0,Hyderabad,1.0
2562,2,25000.0,1050.0,Hyderabad,2.0
2564,3,47000.0,2400.0,Hyderabad,3.0
2565,2,10000.0,650.0,Hyderabad,2.0
2567,2,21000.0,1020.0,Hyderabad,2.0
2574,1,8000.0,300.0,Hyderabad,1.0
2581,3,50000.0,1742.0,Hyderabad,3.0
2582,2,23000.0,1250.0,Hyderabad,2.0
2583,1,16500.0,650.0,Hyderabad,1.0
2585,1,13000.0,700.0,Hyderabad,2.0
2586,3,37000.0,1700.0,Hyderabad,3.0
2588,3,17500.0,1000.0,Hyderabad,2.0
2592,3,37000.0,2100.0,Hyderabad,3.0
2593,3,25000.0,1250.0,Hyderabad,3.0
2596,3,37000.0,1960.0,Hyderabad,3.0
2597,3,40000.0,1965.0,Hyderabad,3.0
2598,3,45000.0,1834.0,Hyderabad,3.0
2599,3,44000.0,1834.0,Hyderabad,3.0
2601,3,37000.0,1800.0,Hyderabad,3.0
2604,1,12000.0,700.0,Hyderabad,1.0
2606,1,10000.0,500.0,Hyderabad,1.0
2608,2,20000.0,1000.0,Hyderabad,2.0
2612,1,11000.0,550.0,Hyderabad,1.0
2613,1,7500.0,350.0,Hyderabad,1.0
2614,2,15000.0,600.0,Hyderabad,1.0
2619,1,8500.0,500.0,Hyderabad,1.0
2621,2,20000.0,1000.0,Hyderabad,2.0
2622,2,11500.0,675.0,Hyderabad,2.0
2624,4,45000.0,2300.0,Hyderabad,4.0
2625,1,5000.0,300.0,Hyderabad,1.0
2626,1,6000.0,300.0,Hyderabad,1.0
2629,2,16000.0,770.0,Hyderabad,2.0
2632,1,8000.0,450.0,Hyderabad,1.0
2633,6,80000.0,4500.0,Hyderabad,6.0
2636,1,7500.0,400.0,Hyderabad,1.0
2638,2,16000.0,1000.0,Hyderabad,2.0
2640,1,6000.0,350.0,Hyderabad,1.0
2641,3,32000.0,1560.0,Hyderabad,3.0
2646,2,20000.0,1170.0,Hyderabad,2.0
2650,3,65000.0,2700.0,Hyderabad,3.0
2651,3,60000.0,2170.0,Hyderabad,3.0
2652,2,26000.0,1160.0,Hyderabad,2.0
2658,2,17000.0,1050.0,Hyderabad,2.0
2659,2,18000.0,1100.0,Hyderabad,2.0
2660,2,20000.0,700.0,Hyderabad,2.0
2661,2,18000.0,1150.0,Hyderabad,2.0
2662,2,19000.0,1124.0,Hyderabad,2.0
2665,2,30000.0,1140.0,Hyderabad,2.0
2668,3,20000.0,1100.0,Hyderabad,3.0
2670,2,17000.0,1000.0,Hyderabad,2.0
2671,1,7000.0,300.0,Hyderabad,1.0
2673,3,53000.0,2300.0,Hyderabad,3.0
2677,2,25000.0,1200.0,Hyderabad,2.0
2679,2,12500.0,800.0,Hyderabad,2.0
2680,3,26000.0,1450.0,Hyderabad,2.0
2681,3,60000.0,2405.0,Hyderabad,3.0
2688,2,17000.0,1000.0,Hyderabad,2.0
2689,2,17000.0,840.0,Hyderabad,2.0
2690,2,15000.0,600.0,Hyderabad,1.0
2693,3,30000.0,1700.0,Hyderabad,3.0
2698,3,35000.0,1250.0,Hyderabad,2.0
2701,2,17000.0,855.0,Hyderabad,2.0
2702,2,25000.0,1040.0,Hyderabad,2.0
2703,2,15000.0,1000.0,Hyderabad,2.0
2705,3,35000.0,1750.0,Hyderabad,3.0
2706,3,45000.0,1500.0,Hyderabad,2.0
2707,2,15000.0,1000.0,Hyderabad,2.0
2708,2,20000.0,800.0,Kolkata,1.0
2709,2,17000.0,1000.0,Kolkata,1.0
2713,1,5000.0,250.0,Kolkata,1.0
2715,3,25000.0,1200.0,Kolkata,2.0
2717,1,6500.0,250.0,Kolkata,1.0
2722,2,9000.0,400.0,Kolkata,2.0
2724,1,8000.0,400.0,Kolkata,1.0
2727,2,12500.0,850.0,Kolkata,2.0
2728,1,7500.0,350.0,Kolkata,1.0
2729,2,15000.0,900.0,Kolkata,2.0
2732,3,22000.0,1100.0,Kolkata,1.0
2733,2,15000.0,850.0,Kolkata,1.0
2734,2,12500.0,800.0,Kolkata,1.0
2736,2,21000.0,900.0,Kolkata,2.0
2739,1,6000.0,300.0,Kolkata,1.0
2741,2,12000.0,650.0,Kolkata,2.0
2744,1,7500.0,450.0,Kolkata,1.0
2745,2,15000.0,1000.0,Kolkata,2.0
2750,1,5000.0,300.0,Kolkata,1.0
2751,3,30000.0,1200.0,Kolkata,3.0
2755,1,5000.0,300.0,Kolkata,1.0
2759,2,16000.0,850.0,Kolkata,1.0
2760,2,16000.0,850.0,Kolkata,1.0
2761,3,40000.0,1500.0,Kolkata,2.0
2766,1,8200.0,500.0,Kolkata,1.0
2767,6,20000.0,1000.0,Kolkata,2.0
2768,1,10000.0,435.0,Kolkata,1.0
2770,2,22000.0,800.0,Kolkata,1.0
2772,2,8500.0,550.0,Kolkata,1.0
2773,2,18000.0,800.0,Kolkata,2.0
2774,2,12000.0,550.0,Kolkata,2.0
2777,2,20000.0,1000.0,Kolkata,2.0
2778,1,5000.0,300.0,Kolkata,1.0
2780,2,10000.0,500.0,Kolkata,1.0
2782,2,15000.0,900.0,Kolkata,2.0
2783,3,22000.0,1300.0,Kolkata,3.0
2784,4,35000.0,1600.0,Kolkata,3.0
2786,2,25000.0,1100.0,Kolkata,2.0
2788,2,14000.0,700.0,Kolkata,2.0
2790,1,6000.0,220.0,Kolkata,1.0
2791,1,8000.0,300.0,Kolkata,1.0
2792,1,6000.0,300.0,Kolkata,1.0
2795,2,7000.0,400.0,Kolkata,1.0
2796,1,3900.0,200.0,Kolkata,1.0
2797,3,14000.0,840.0,Kolkata,2.0
2798,1,6300.0,300.0,Kolkata,1.0
2799,2,13000.0,550.0,Kolkata,2.0
2800,1,6800.0,300.0,Kolkata,1.0
2805,2,8000.0,490.0,Kolkata,1.0
2806,1,4700.0,250.0,Kolkata,1.0
2807,1,4700.0,250.0,Kolkata,1.0
2809,1,6000.0,300.0,Kolkata,1.0
2810,2,16000.0,750.0,Kolkata,2.0
2811,1,4700.0,250.0,Kolkata,1.0
2812,2,14000.0,751.0,Kolkata,1.0
2815,2,17500.0,1000.0,Kolkata,2.0
2817,2,12500.0,750.0,Kolkata,2.0
2822,2,5500.0,280.0,Kolkata,1.0
2823,3,20000.0,1100.0,Kolkata,3.0
2825,3,20000.0,1000.0,Kolkata,2.0
2830,2,14500.0,900.0,Kolkata,2.0
2832,2,10000.0,450.0,Kolkata,2.0
2836,2,12000.0,800.0,Kolkata,1.0
2837,1,5000.0,190.0,Kolkata,1.0
2839,2,18000.0,850.0,Kolkata,1.0
2843,2,15000.0,800.0,Kolkata,1.0
2844,1,50000.0,2200.0,Kolkata,3.0
2846,2,11000.0,550.0,Kolkata,1.0
2850,2,9000.0,500.0,Kolkata,1.0
2857,2,15000.0,1000.0,Kolkata,1.0
2858,1,4700.0,250.0,Kolkata,1.0
2864,2,8000.0,450.0,Kolkata,1.0
2865,1,13000.0,500.0,Kolkata,1.0
2866,2,7500.0,400.0,Kolkata,1.0
2868,2,11000.0,750.0,Kolkata,1.0
2870,3,20000.0,1000.0,Kolkata,2.0
2876,2,25000.0,1000.0,Kolkata,2.0
2877,2,12500.0,680.0,Kolkata,2.0
2879,1,3000.0,160.0,Kolkata,1.0
2881,1,18000.0,700.0,Kolkata,1.0
2883,4,35000.0,1600.0,Kolkata,3.0
2885,2,15000.0,839.0,Kolkata,2.0
2886,1,4500.0,230.0,Kolkata,1.0
2892,2,7000.0,450.0,Kolkata,2.0
2902,3,22000.0,1000.0,Kolkata,2.0
2903,3,25000.0,1400.0,Kolkata,3.0
2905,2,15000.0,723.0,Kolkata,1.0
2906,1,6000.0,320.0,Kolkata,1.0
2907,2,15000.0,650.0,Kolkata,1.0
2910,3,30000.0,1250.0,Kolkata,2.0
2911,2,15000.0,900.0,Kolkata,1.0
2913,2,7000.0,450.0,Kolkata,1.0
2914,1,6500.0,350.0,Kolkata,1.0
2916,3,25000.0,1100.0,Kolkata,3.0
2917,2,12000.0,800.0,Kolkata,1.0
2918,1,3500.0,200.0,Kolkata,1.0
2919,2,14000.0,900.0,Kolkata,2.0
2931,3,20000.0,1200.0,Kolkata,2.0
2932,1,9000.0,450.0,Kolkata,1.0
2934,1,7000.0,350.0,Kolkata,1.0
2935,1,9000.0,450.0,Kolkata,1.0
2946,2,14000.0,800.0,Kolkata,2.0
2947,1,8000.0,300.0,Kolkata,1.0
2952,3,30000.0,1600.0,Kolkata,2.0
2953,1,8000.0,300.0,Kolkata,1.0
2957,2,12000.0,700.0,Kolkata,1.0
2959,2,9500.0,550.0,Kolkata,1.0
2962,3,20000.0,1100.0,Kolkata,2.0
2964,3,20000.0,1050.0,Kolkata,2.0
2969,1,5200.0,300.0,Kolkata,1.0
2972,2,12000.0,756.0,Kolkata,1.0
2978,2,21000.0,850.0,Kolkata,2.0
2980,2,9000.0,600.0,Kolkata,1.0
2981,3,35000.0,1330.0,Kolkata,2.0
2985,4,40000.0,1500.0,Kolkata,2.0
2989,2,15000.0,600.0,Kolkata,1.0
2991,2,6000.0,320.0,Kolkata,1.0
2992,3,15000.0,800.0,Kolkata,1.0
2994,2,22000.0,1200.0,Kolkata,2.0
2996,2,7000.0,450.0,Kolkata,1.0
3004,1,5000.0,300.0,Kolkata,1.0
3005,3,35000.0,1300.0,Kolkata,2.0
3007,3,35000.0,1320.0,Kolkata,2.0
3010,3,36125.0,1700.0,Kolkata,2.0
3014,1,10000.0,400.0,Kolkata,1.0
3015,1,12000.0,500.0,Kolkata,1.0
3016,2,12000.0,550.0,Kolkata,1.0
3017,2,12000.0,800.0,Kolkata,1.0
3019,1,6000.0,300.0,Kolkata,1.0
3023,2,23000.0,1100.0,Kolkata,2.0
3025,3,22000.0,1100.0,Kolkata,2.0
3031,1,5500.0,200.0,Kolkata,1.0
3036,1,5200.0,220.0,Kolkata,1.0
3038,3,30000.0,1100.0,Kolkata,1.0
3042,2,9500.0,570.0,Kolkata,1.0
3045,5,22500.0,960.0,Kolkata,2.0
3049,3,20000.0,1200.0,Kolkata,2.0
3055,3,15000.0,830.0,Kolkata,2.0
3058,2,22000.0,1000.0,Kolkata,2.0
3059,2,18000.0,750.0,Kolkata,2.0
3062,1,5000.0,300.0,Kolkata,1.0
3064,2,7000.0,450.0,Kolkata,2.0
3066,2,18000.0,900.0,Kolkata,2.0
3067,2,8000.0,460.0,Kolkata,1.0
3068,2,8000.0,530.0,Kolkata,1.0
3069,2,13000.0,650.0,Kolkata,2.0
3070,2,6000.0,400.0,Kolkata,1.0
3072,1,10000.0,400.0,Kolkata,1.0
3073,2,14000.0,700.0,Kolkata,2.0
3075,2,10500.0,558.0,Kolkata,2.0
3077,1,3700.0,150.0,Kolkata,1.0
3078,3,40000.0,1600.0,Kolkata,2.0
3079,3,25000.0,1000.0,Kolkata,1.0
3080,1,3300.0,175.0,Kolkata,1.0
3084,2,11000.0,600.0,Kolkata,1.0
3086,3,22000.0,1150.0,Kolkata,2.0
3088,1,5000.0,250.0,Kolkata,1.0
3089,2,12000.0,720.0,Kolkata,2.0
3090,5,25000.0,1880.0,Kolkata,2.0
3091,3,18000.0,850.0,Kolkata,3.0
3092,2,25000.0,1050.0,Kolkata,2.0
3093,1,25000.0,320.0,Mumbai,1.0
3094,2,70000.0,750.0,Mumbai,2.0
3095,1,45000.0,450.0,Mumbai,1.0
3097,1,60000.0,650.0,Mumbai,1.0
3103,1,49000.0,620.0,Mumbai,1.0
3106,2,85000.0,777.0,Mumbai,2.0
3109,1,22000.0,270.0,Mumbai,1.0
3110,2,100000.0,850.0,Mumbai,2.0
3112,1,20000.0,275.0,Mumbai,1.0
3118,2,68000.0,610.0,Mumbai,2.0
3120,3,110000.0,1200.0,Mumbai,3.0
3127,2,65000.0,710.0,Mumbai,2.0
3131,1,57000.0,500.0,Mumbai,1.0
3133,1,40000.0,540.0,Mumbai,2.0
3134,2,95000.0,1050.0,Mumbai,2.0
3135,2,85000.0,700.0,Mumbai,2.0
3138,3,89000.0,932.0,Mumbai,3.0
3142,1,32000.0,450.0,Mumbai,2.0
3143,4,350000.0,3000.0,Mumbai,5.0
3145,3,150000.0,1400.0,Mumbai,3.0
3147,3,170000.0,1400.0,Mumbai,3.0
3148,1,30000.0,320.0,Mumbai,1.0
3151,2,55000.0,696.0,Mumbai,2.0
3153,3,300000.0,2500.0,Mumbai,3.0
3155,3,150000.0,1500.0,Mumbai,4.0
3159,2,65000.0,760.0,Mumbai,2.0
3163,2,60000.0,760.0,Mumbai,2.0
3169,1,34000.0,365.0,Mumbai,1.0
3170,4,220000.0,2000.0,Mumbai,4.0
3172,3,150000.0,1330.0,Mumbai,4.0
3173,3,85000.0,850.0,Mumbai,3.0
3178,4,310000.0,2600.0,Mumbai,4.0
3179,2,50000.0,680.0,Mumbai,2.0
3181,4,210000.0,1783.0,Mumbai,3.0
3182,3,150000.0,1330.0,Mumbai,3.0
3185,2,60000.0,710.0,Mumbai,2.0
3186,3,100000.0,1080.0,Mumbai,3.0
3189,3,150000.0,1250.0,Mumbai,3.0
3191,2,55000.0,720.0,Mumbai,2.0
3194,2,80000.0,750.0,Mumbai,2.0
3198,2,75000.0,695.0,Mumbai,1.0
3206,1,25000.0,330.0,Mumbai,1.0
3213,2,55000.0,720.0,Mumbai,2.0
3215,4,150000.0,1460.0,Mumbai,4.0
3216,1,30000.0,415.0,Mumbai,2.0
3217,3,150000.0,1400.0,Mumbai,3.0
3218,1,27000.0,270.0,Mumbai,1.0
3219,2,47000.0,585.0,Mumbai,2.0
3222,3,160000.0,1300.0,Mumbai,4.0
3223,2,100000.0,1200.0,Mumbai,2.0
3224,2,45002.0,600.0,Mumbai,2.0
3232,3,140000.0,1330.0,Mumbai,4.0
3233,3,120000.0,1200.0,Mumbai,3.0
3236,3,230000.0,1915.0,Mumbai,3.0
3237,2,60000.0,807.0,Mumbai,2.0
3240,1,33000.0,428.0,Mumbai,2.0
3241,2,60000.0,630.0,Mumbai,2.0
3242,1,38000.0,450.0,Mumbai,2.0
3243,2,65000.0,800.0,Mumbai,2.0
3245,2,85000.0,850.0,Mumbai,2.0
3247,3,130000.0,1330.0,Mumbai,4.0
3252,3,180000.0,1550.0,Mumbai,3.0
3254,4,140000.0,1454.0,Mumbai,4.0
3258,2,55100.0,710.0,Mumbai,2.0
3259,2,65000.0,700.0,Mumbai,2.0
3261,4,320000.0,2700.0,Mumbai,5.0
3262,1,33000.0,350.0,Mumbai,1.0
3265,1,33000.0,425.0,Mumbai,2.0
3267,3,130000.0,1224.0,Mumbai,3.0
3268,3,80000.0,950.0,Mumbai,3.0
3269,3,92500.0,1000.0,Mumbai,3.0
3270,2,57000.0,710.0,Mumbai,2.0
3275,2,45000.0,490.0,Mumbai,2.0
3277,2,53500.0,635.0,Mumbai,2.0
3279,3,140000.0,1200.0,Mumbai,3.0
3280,3,130000.0,1100.0,Mumbai,3.0
3282,2,110000.0,1150.0,Mumbai,2.0
3283,3,120000.0,1379.0,Mumbai,3.0
3284,1,60000.0,500.0,Mumbai,1.0
3285,3,120000.0,1400.0,Mumbai,3.0
3286,1,40000.0,390.0,Mumbai,1.0
3289,3,150000.0,1250.0,Mumbai,3.0
3291,1,25000.0,350.0,Mumbai,2.0
3295,2,60000.0,700.0,Mumbai,2.0
3296,3,85000.0,850.0,Mumbai,2.0
3297,2,75000.0,900.0,Mumbai,2.0
3298,3,180000.0,1600.0,Mumbai,4.0
3299,2,55000.0,700.0,Mumbai,2.0
3301,1,19000.0,225.0,Mumbai,1.0
3302,1,18500.0,225.0,Mumbai,1.0
3303,1,35000.0,463.0,Mumbai,2.0
3304,4,200000.0,1900.0,Mumbai,3.0
3305,2,150000.0,1500.0,Mumbai,4.0
3307,1,35000.0,450.0,Mumbai,2.0
3309,1,30000.0,355.0,Mumbai,1.0
3311,1,42000.0,600.0,Mumbai,1.0
3314,1,40000.0,430.0,Mumbai,2.0
3318,1,45000.0,450.0,Mumbai,2.0
3320,2,50000.0,650.0,Mumbai,3.0
3329,3,130000.0,1450.0,Mumbai,5.0
3330,2,75000.0,720.0,Mumbai,2.0
3333,1,40000.0,420.0,Mumbai,2.0
3338,4,280000.0,2800.0,Mumbai,4.0
3339,2,55000.0,700.0,Mumbai,3.0
3340,2,56000.0,720.0,Mumbai,2.0
3341,2,55000.0,750.0,Mumbai,2.0
3342,5,300000.0,3000.0,Mumbai,5.0
3343,1,50000.0,413.0,Mumbai,1.0
3344,4,180000.0,1755.0,Mumbai,4.0
3345,3,190000.0,1850.0,Mumbai,4.0
3348,1,32000.0,420.0,Mumbai,2.0
3351,3,160000.0,1355.0,Mumbai,3.0
3354,2,95000.0,825.0,Mumbai,2.0
3359,4,150000.0,1460.0,Mumbai,4.0
3363,3,85000.0,1000.0,Mumbai,4.0
3364,3,130000.0,1500.0,Mumbai,3.0
3365,1,40000.0,500.0,Mumbai,1.0
3369,1,28000.0,400.0,Mumbai,2.0
3370,1,25000.0,340.0,Mumbai,1.0
3371,2,34000.0,471.0,Mumbai,2.0
3373,1,35000.0,500.0,Mumbai,2.0
3374,1,32000.0,400.0,Mumbai,1.0
3376,3,80000.0,850.0,Mumbai,2.0
3377,1,55000.0,550.0,Mumbai,1.0
3380,1,45000.0,500.0,Mumbai,2.0
3381,4,180000.0,1750.0,Mumbai,4.0
3392,2,62000.0,806.0,Mumbai,3.0
3394,2,90000.0,994.0,Mumbai,2.0
3395,3,230000.0,2750.0,Mumbai,3.0
3396,4,260000.0,2500.0,Mumbai,4.0
3398,1,43500.0,480.0,Mumbai,2.0
3399,2,62000.0,750.0,Mumbai,2.0
3400,2,77500.0,724.0,Mumbai,2.0
3402,3,110000.0,1076.0,Mumbai,2.0
3403,3,150000.0,1300.0,Mumbai,3.0
3404,1,55000.0,500.0,Mumbai,2.0
3405,2,70000.0,700.0,Mumbai,2.0
3406,2,65000.0,700.0,Mumbai,2.0
3407,1,18000.0,225.0,Mumbai,2.0
3408,1,48000.0,485.0,Mumbai,2.0
3412,1,22000.0,280.0,Mumbai,1.0
3419,1,40000.0,450.0,Mumbai,2.0
3421,2,72000.0,700.0,Mumbai,2.0
3428,3,95000.0,900.0,Mumbai,3.0
3429,2,68000.0,805.0,Mumbai,3.0
3433,2,60000.0,800.0,Mumbai,2.0
3436,1,25000.0,325.0,Mumbai,1.0
3437,2,85000.0,902.0,Mumbai,2.0
3439,2,65000.0,600.0,Mumbai,2.0
3445,4,250000.0,2120.0,Mumbai,5.0
3446,3,110000.0,1350.0,Mumbai,4.0
3447,3,150000.0,1600.0,Mumbai,3.0
3450,2,75000.0,700.0,Mumbai,3.0
3452,4,150000.0,1300.0,Mumbai,4.0
3453,3,150000.0,1350.0,Mumbai,3.0
3455,4,140000.0,1400.0,Mumbai,3.0
3456,4,200000.0,2000.0,Mumbai,5.0
3457,2,65000.0,850.0,Mumbai,2.0
3458,1,48000.0,500.0,Mumbai,1.0
3459,2,75000.0,900.0,Mumbai,2.0
3464,4,190000.0,1950.0,Mumbai,4.0
3465,3,140000.0,1350.0,Mumbai,3.0
3467,1,60000.0,500.0,Mumbai,1.0
3468,1,39000.0,500.0,Mumbai,1.0
3469,3,84000.0,1000.0,Mumbai,3.0
3473,1,35000.0,490.0,Mumbai,1.0
3475,2,60000.0,720.0,Mumbai,2.0
3478,2,75000.0,1000.0,Mumbai,2.0
3480,2,100000.0,900.0,Mumbai,2.0
3481,2,65000.0,750.0,Mumbai,2.0
3482,3,180000.0,1500.0,Mumbai,3.0
3483,3,120000.0,1200.0,Mumbai,3.0
3484,1,20000.0,280.0,Mumbai,1.0
3485,2,75000.0,694.0,Mumbai,2.0
3486,5,350000.0,3250.0,Mumbai,5.0
3488,2,55000.0,750.0,Mumbai,2.0
3494,2,95000.0,1000.0,Mumbai,2.0
3495,2,94000.0,800.0,Mumbai,2.0
3497,3,150000.0,1300.0,Mumbai,3.0
3500,1,35000.0,350.0,Mumbai,1.0
3503,2,50000.0,650.0,Mumbai,2.0
3505,3,130000.0,1250.0,Mumbai,3.0
3506,1,52000.0,475.0,Mumbai,1.0
3508,1,30000.0,400.0,Mumbai,1.0
3510,3,130000.0,1450.0,Mumbai,3.0
3511,2,58000.0,650.0,Mumbai,2.0
3512,2,65000.0,805.0,Mumbai,3.0
3513,1,54500.0,515.0,Mumbai,1.0
3516,2,75000.0,777.0,Mumbai,2.0
3520,2,95000.0,900.0,Mumbai,2.0
3522,2,80000.0,670.0,Mumbai,2.0
3526,4,280000.0,2500.0,Mumbai,6.0
3527,1,46000.0,500.0,Mumbai,1.0
3528,1,35000.0,430.0,Mumbai,1.0
3532,3,110000.0,1200.0,Mumbai,3.0
3535,2,85000.0,750.0,Mumbai,2.0
3538,3,70000.0,850.0,Mumbai,3.0
3542,1,35500.0,500.0,Mumbai,2.0
3544,4,250000.0,2500.0,Mumbai,4.0
3548,2,55000.0,750.0,Mumbai,2.0
3549,3,150000.0,1350.0,Mumbai,3.0
3551,4,300000.0,2650.0,Mumbai,3.0
3552,3,90100.0,975.0,Mumbai,2.0
3555,2,80000.0,700.0,Mumbai,2.0
3556,2,95000.0,850.0,Mumbai,2.0
3560,2,55000.0,650.0,Mumbai,2.0
3566,1,36000.0,380.0,Mumbai,2.0
3567,1,40000.0,475.0,Mumbai,1.0
3568,1,40000.0,444.0,Mumbai,2.0
3573,1,40000.0,508.0,Mumbai,2.0
3574,4,250000.0,2500.0,Mumbai,4.0
3577,1,32000.0,430.0,Mumbai,1.0
3578,3,85000.0,1000.0,Mumbai,3.0
3583,2,95000.0,955.0,Mumbai,2.0
3586,2,85000.0,870.0,Mumbai,2.0
3587,3,110000.0,1300.0,Mumbai,3.0
3590,2,52000.0,550.0,Mumbai,2.0
3592,3,140000.0,1400.0,Mumbai,3.0
3593,3,150000.0,1330.0,Mumbai,4.0
3597,4,180000.0,1691.0,Mumbai,6.0
3598,1,60000.0,550.0,Mumbai,2.0
3599,2,65000.0,800.0,Mumbai,2.0
3603,2,57000.0,625.0,Mumbai,2.0
3606,2,56000.0,649.0,Mumbai,2.0
3608,3,100000.0,1200.0,Mumbai,3.0
3609,2,76000.0,736.0,Mumbai,2.0
3611,1,35000.0,415.0,Mumbai,1.0
3612,2,55000.0,649.0,Mumbai,2.0
3613,3,90000.0,1000.0,Mumbai,2.0
3614,2,90000.0,854.0,Mumbai,2.0
3615,3,120000.0,1200.0,Mumbai,3.0
3616,1,55000.0,500.0,Mumbai,1.0
3619,1,35000.0,450.0,Mumbai,1.0
3620,3,120000.0,1130.0,Mumbai,3.0
3624,1,40000.0,500.0,Mumbai,2.0
3626,2,80000.0,750.0,Mumbai,2.0
3628,1,30000.0,350.0,Mumbai,1.0
3630,1,85000.0,695.0,Mumbai,2.0
3631,1,40000.0,415.0,Mumbai,2.0
3634,2,58000.0,805.0,Mumbai,3.0
3637,2,60000.0,750.0,Mumbai,2.0
3639,3,90000.0,1110.0,Mumbai,3.0
3640,2,62000.0,650.0,Mumbai,2.0
3644,3,100000.0,1000.0,Mumbai,3.0
3647,2,79500.0,750.0,Mumbai,2.0
3648,3,84500.0,889.0,Mumbai,2.0
3650,1,35000.0,480.0,Mumbai,2.0
3651,2,72000.0,660.0,Mumbai,2.0
3652,3,180000.0,1600.0,Mumbai,3.0
3655,1,52000.0,470.0,Mumbai,2.0
3657,3,180000.0,1500.0,Mumbai,4.0
3659,1,30000.0,360.0,Mumbai,1.0
3666,2,65000.0,805.0,Mumbai,3.0
3667,1,43000.0,480.0,Mumbai,2.0
3668,2,65000.0,550.0,Mumbai,2.0
3671,3,85000.0,920.0,Mumbai,3.0
3672,1,40000.0,450.0,Mumbai,1.0
3676,2,95000.0,800.0,Mumbai,2.0
3682,2,80000.0,836.0,Mumbai,2.0
3685,1,33000.0,460.0,Mumbai,2.0
3688,2,55000.0,700.0,Mumbai,2.0
3689,2,66000.0,750.0,Mumbai,2.0
3694,1,18500.0,229.0,Mumbai,1.0
3699,2,85000.0,850.0,Mumbai,2.0
3701,2,60000.0,750.0,Mumbai,2.0
3704,2,55000.0,650.0,Mumbai,2.0
3706,2,90000.0,777.0,Mumbai,2.0
3710,1,34999.0,450.0,Mumbai,2.0
3711,1,35000.0,500.0,Mumbai,2.0
3712,1,50000.0,410.0,Mumbai,1.0
3713,1,16000.0,160.0,Mumbai,1.0
3714,2,55000.0,750.0,Mumbai,2.0
3717,1,25000.0,350.0,Mumbai,1.0
3719,2,49500.0,650.0,Mumbai,2.0
3720,1,21000.0,225.0,Mumbai,1.0
3725,2,88000.0,800.0,Mumbai,2.0
3726,3,90000.0,890.0,Mumbai,2.0
3732,2,90000.0,800.0,Mumbai,2.0
3734,2,55000.0,650.0,Mumbai,2.0
3735,2,52000.0,550.0,Mumbai,2.0
3736,1,74999.0,840.0,Mumbai,2.0
3743,3,90000.0,967.0,Mumbai,3.0
3744,1,55000.0,505.0,Mumbai,1.0
3749,3,120000.0,1200.0,Mumbai,3.0
3753,2,80000.0,800.0,Mumbai,2.0
3755,4,190000.0,1750.0,Mumbai,4.0
3757,4,210000.0,2000.0,Mumbai,5.0
3758,5,310000.0,2800.0,Mumbai,5.0
3762,1,30000.0,330.0,Mumbai,1.0
3763,3,100000.0,1200.0,Mumbai,3.0
3764,3,140000.0,1270.0,Mumbai,3.0
3766,1,32000.0,450.0,Mumbai,1.0
3767,1,20000.0,265.0,Mumbai,1.0
3768,2,50000.0,600.0,Mumbai,2.0
3777,2,85000.0,900.0,Mumbai,2.0
3779,2,75000.0,800.0,Mumbai,3.0
3781,2,75000.0,750.0,Mumbai,2.0
3782,2,70000.0,660.0,Mumbai,2.0
3786,2,47000.0,650.0,Mumbai,2.0
3788,2,58000.0,650.0,Mumbai,2.0
3789,3,85000.0,890.0,Mumbai,2.0
3791,4,250000.0,2100.0,Mumbai,4.0
3792,2,80000.0,730.0,Mumbai,2.0
3795,1,45000.0,450.0,Mumbai,1.0
3799,2,55000.0,750.0,Mumbai,2.0
3801,4,230000.0,2100.0,Mumbai,5.0
3803,3,170000.0,1600.0,Mumbai,4.0
3805,1,45000.0,500.0,Mumbai,1.0
3808,2,55000.0,720.0,Mumbai,2.0
3810,3,140000.0,1450.0,Mumbai,3.0
3815,1,30000.0,430.0,Mumbai,2.0
3818,2,70000.0,810.0,Mumbai,2.0
3819,2,90000.0,800.0,Mumbai,2.0
3820,1,35000.0,420.0,Mumbai,1.0
3823,4,350000.0,2880.0,Mumbai,5.0
3824,1,45000.0,480.0,Mumbai,2.0
3826,2,90000.0,900.0,Mumbai,2.0
3828,2,70000.0,760.0,Mumbai,2.0
3831,4,280000.0,2500.0,Mumbai,6.0
3835,1,35000.0,500.0,Mumbai,1.0
